course_id,instructor_id,lecture_id
11,6ddac491-3bfa-420a-8098-f3c741f530b6,0
22,cff4ee54-8789-46e5-a995-15c0dea35275,1
2,cd3a4bbc-f36c-4e3d-9158-9a39dcff7644,2
16,6ddac491-3bfa-420a-8098-f3c741f530b6,3
21,449de61b-f2b5-406f-8445-17b960996d0a,4
20,57a87455-1a19-4d48-90c9-bd9040670f85,5
4,a12b297c-6ca7-436c-8318-08b5a05e1eea,6
1,ba2adea1-5399-4c45-9c94-9f26f726f62e,7
8,79463069-f838-4edd-9438-cdc4c95e75a2,8
16,8f8ceb3d-7d6a-46cb-8d24-03c5cee108c1,9
17,bf20d0e5-4b79-481a-92d6-3b159ce4d4a0,10
20,61b6a185-51b2-47f0-bfa2-7c6615e9e145,11
10,d372a3ee-4ff5-48df-a5f2-7da725570f5e,12
1,ed65e55c-cdd7-4672-bfd0-37b3a5afd703,13
15,bf20d0e5-4b79-481a-92d6-3b159ce4d4a0,14
14,b53f72f1-d162-4f47-a6af-c538db450833,15
1,fe8c95dc-f314-472c-a317-83d7bb76fbc9,16
18,61b6a185-51b2-47f0-bfa2-7c6615e9e145,17
3,7fa4b44f-6167-4bfe-b42b-5494a85f17c0,18
15,55a493f1-a88a-4fe2-b666-b93388223926,19
19,aec9a7a7-c8be-461b-8047-f0c97726edf1,20
18,fe8c95dc-f314-472c-a317-83d7bb76fbc9,21
6,c3c774e8-72c0-43bf-8075-97856dc04866,22
9,59424c88-808c-4285-b95a-607928e016a1,23
15,2086fb93-7036-4127-b46f-14b11794fd56,24
3,8eb8ab26-579c-4927-8866-9f0cfb37824a,25
2,ba2adea1-5399-4c45-9c94-9f26f726f62e,26
19,61b6a185-51b2-47f0-bfa2-7c6615e9e145,27
12,a12b297c-6ca7-436c-8318-08b5a05e1eea,28
22,21f1397e-1a61-401a-bc67-1e74523bf8d8,29
18,ba2adea1-5399-4c45-9c94-9f26f726f62e,30
2,a12b297c-6ca7-436c-8318-08b5a05e1eea,31
12,6ddac491-3bfa-420a-8098-f3c741f530b6,32
6,fc70f172-e0d8-4202-a83b-a8d6cc75de10,33
19,1a544d73-a68c-4d6c-8d83-98d999716ab5,34
16,61b6a185-51b2-47f0-bfa2-7c6615e9e145,35
10,72d8246e-bd38-49b2-88c7-96f11c51f1fb,36
7,cff4ee54-8789-46e5-a995-15c0dea35275,37
1,aec9a7a7-c8be-461b-8047-f0c97726edf1,38
3,c0969d1b-26f7-4e83-9b27-3a4a0551f760,39
4,0fc1c0b7-84d2-4abf-91e6-e4a36a1436be,40
6,d3f82f56-4d74-4c26-a4c7-d20f153383cb,41
13,6ddac491-3bfa-420a-8098-f3c741f530b6,42
2,61b6a185-51b2-47f0-bfa2-7c6615e9e145,43
16,12fa2bc8-2060-41f1-a8ce-0ad8dc7c31e6,44
14,aec9a7a7-c8be-461b-8047-f0c97726edf1,45
18,309c4ad8-2776-4955-b1b5-8ab5409090ad,46
18,cd3a4bbc-f36c-4e3d-9158-9a39dcff7644,47
21,7ceb34df-c5cd-4a6d-bbbd-ba393535b9d2,48
12,0fc1c0b7-84d2-4abf-91e6-e4a36a1436be,49
14,8f8ceb3d-7d6a-46cb-8d24-03c5cee108c1,50
22,5922b91c-31eb-443e-b15f-acbae8cf8831,51
3,cab58cac-d2f7-4d2b-bf0b-a391c1d0cb22,52
15,7ceb34df-c5cd-4a6d-bbbd-ba393535b9d2,53
17,295c30fe-615a-4769-bade-21c7e3e975a9,54
14,c3c774e8-72c0-43bf-8075-97856dc04866,55
19,59424c88-808c-4285-b95a-607928e016a1,56
11,cd3a4bbc-f36c-4e3d-9158-9a39dcff7644,57
10,fc70f172-e0d8-4202-a83b-a8d6cc75de10,58
13,7ceb34df-c5cd-4a6d-bbbd-ba393535b9d2,59
14,d7e101e3-1c37-4827-872a-2a9e7994aaab,60
7,12fa2bc8-2060-41f1-a8ce-0ad8dc7c31e6,61
4,bf20d0e5-4b79-481a-92d6-3b159ce4d4a0,62
14,e4c1ffc2-23bf-4bbc-958a-758263a0dd67,63
3,21f1397e-1a61-401a-bc67-1e74523bf8d8,64
13,ba2adea1-5399-4c45-9c94-9f26f726f62e,65
9,fe8c95dc-f314-472c-a317-83d7bb76fbc9,66
7,295c30fe-615a-4769-bade-21c7e3e975a9,67
19,c0969d1b-26f7-4e83-9b27-3a4a0551f760,68
14,fc70f172-e0d8-4202-a83b-a8d6cc75de10,69
18,7fa4b44f-6167-4bfe-b42b-5494a85f17c0,70
1,8f8ceb3d-7d6a-46cb-8d24-03c5cee108c1,71
22,7fa4b44f-6167-4bfe-b42b-5494a85f17c0,72
20,55a493f1-a88a-4fe2-b666-b93388223926,73
16,57a87455-1a19-4d48-90c9-bd9040670f85,74
21,c3453dc3-772c-4d3b-b535-e058788237ed,75
20,e09c188d-aea7-4cf2-9bb6-6eed739db033,76
4,cd3a4bbc-f36c-4e3d-9158-9a39dcff7644,77
6,2f638a13-eb24-4d61-ad54-7aaf0b822823,78
10,0be1929c-a780-4078-9e98-6df4cf99c936,79
3,fc70f172-e0d8-4202-a83b-a8d6cc75de10,80
1,a12b297c-6ca7-436c-8318-08b5a05e1eea,81
5,cd3a4bbc-f36c-4e3d-9158-9a39dcff7644,82
6,12fa2bc8-2060-41f1-a8ce-0ad8dc7c31e6,83
13,2086fb93-7036-4127-b46f-14b11794fd56,84
7,57a87455-1a19-4d48-90c9-bd9040670f85,85
21,0fc1c0b7-84d2-4abf-91e6-e4a36a1436be,86
12,d4fba2d9-c269-4d11-82f8-e94787f74bc1,87
21,80dad91e-02f0-4182-ae63-9bfe710a66b9,88
11,e4c1ffc2-23bf-4bbc-958a-758263a0dd67,89
13,cab58cac-d2f7-4d2b-bf0b-a391c1d0cb22,90
8,21f1397e-1a61-401a-bc67-1e74523bf8d8,91
17,309c4ad8-2776-4955-b1b5-8ab5409090ad,92
2,b53f72f1-d162-4f47-a6af-c538db450833,93
8,d4fba2d9-c269-4d11-82f8-e94787f74bc1,94
6,cab58cac-d2f7-4d2b-bf0b-a391c1d0cb22,95
3,8913dd3b-624d-4610-837e-ca0063075e6b,96
18,c3c774e8-72c0-43bf-8075-97856dc04866,97
9,b53f72f1-d162-4f47-a6af-c538db450833,98
15,c0969d1b-26f7-4e83-9b27-3a4a0551f760,99
14,449de61b-f2b5-406f-8445-17b960996d0a,100
11,b53f72f1-d162-4f47-a6af-c538db450833,101
3,bf20d0e5-4b79-481a-92d6-3b159ce4d4a0,102
12,309c4ad8-2776-4955-b1b5-8ab5409090ad,103
21,fe8c95dc-f314-472c-a317-83d7bb76fbc9,104
10,d3f82f56-4d74-4c26-a4c7-d20f153383cb,105
20,7ceb34df-c5cd-4a6d-bbbd-ba393535b9d2,106
12,8eb8ab26-579c-4927-8866-9f0cfb37824a,107
9,ba2adea1-5399-4c45-9c94-9f26f726f62e,108
4,e09c188d-aea7-4cf2-9bb6-6eed739db033,109
15,79463069-f838-4edd-9438-cdc4c95e75a2,110
12,c3c774e8-72c0-43bf-8075-97856dc04866,111
19,79463069-f838-4edd-9438-cdc4c95e75a2,112
13,cff4ee54-8789-46e5-a995-15c0dea35275,113
19,295c30fe-615a-4769-bade-21c7e3e975a9,114
16,7ceb34df-c5cd-4a6d-bbbd-ba393535b9d2,115
22,ed65e55c-cdd7-4672-bfd0-37b3a5afd703,116
11,e1cf4dad-91e9-442f-857c-910eccf92228,117
18,b53f72f1-d162-4f47-a6af-c538db450833,118
20,6ddac491-3bfa-420a-8098-f3c741f530b6,119
15,2d1f121d-f3ba-48f9-aff2-b38da7db30cf,120
11,449de61b-f2b5-406f-8445-17b960996d0a,121
10,79463069-f838-4edd-9438-cdc4c95e75a2,122
19,5922b91c-31eb-443e-b15f-acbae8cf8831,123
1,d7e101e3-1c37-4827-872a-2a9e7994aaab,124
12,7fa4b44f-6167-4bfe-b42b-5494a85f17c0,125
1,79463069-f838-4edd-9438-cdc4c95e75a2,126
17,0fc1c0b7-84d2-4abf-91e6-e4a36a1436be,127
8,8f8ceb3d-7d6a-46cb-8d24-03c5cee108c1,128
5,c3453dc3-772c-4d3b-b535-e058788237ed,129
14,2d1f121d-f3ba-48f9-aff2-b38da7db30cf,130
7,61b6a185-51b2-47f0-bfa2-7c6615e9e145,131
3,d4fba2d9-c269-4d11-82f8-e94787f74bc1,132
1,cab58cac-d2f7-4d2b-bf0b-a391c1d0cb22,133
15,61b6a185-51b2-47f0-bfa2-7c6615e9e145,134
12,d8e46018-304b-49b7-bb5b-d128007be5bd,135
13,72d8246e-bd38-49b2-88c7-96f11c51f1fb,136
22,57a87455-1a19-4d48-90c9-bd9040670f85,137
7,2d1f121d-f3ba-48f9-aff2-b38da7db30cf,138
8,c0969d1b-26f7-4e83-9b27-3a4a0551f760,139
12,2086fb93-7036-4127-b46f-14b11794fd56,140
12,5922b91c-31eb-443e-b15f-acbae8cf8831,141
13,449de61b-f2b5-406f-8445-17b960996d0a,142
5,ed65e55c-cdd7-4672-bfd0-37b3a5afd703,143
12,449de61b-f2b5-406f-8445-17b960996d0a,144
22,59424c88-808c-4285-b95a-607928e016a1,145
19,57a87455-1a19-4d48-90c9-bd9040670f85,146
9,fc70f172-e0d8-4202-a83b-a8d6cc75de10,147
22,fe8c95dc-f314-472c-a317-83d7bb76fbc9,148
3,d7e101e3-1c37-4827-872a-2a9e7994aaab,149
14,0be1929c-a780-4078-9e98-6df4cf99c936,150
7,ed65e55c-cdd7-4672-bfd0-37b3a5afd703,151
17,80dad91e-02f0-4182-ae63-9bfe710a66b9,152
5,449de61b-f2b5-406f-8445-17b960996d0a,153
10,59424c88-808c-4285-b95a-607928e016a1,154
16,d8e46018-304b-49b7-bb5b-d128007be5bd,155
8,6ddac491-3bfa-420a-8098-f3c741f530b6,156
11,c3c774e8-72c0-43bf-8075-97856dc04866,157
12,1a544d73-a68c-4d6c-8d83-98d999716ab5,158
3,cff4ee54-8789-46e5-a995-15c0dea35275,159
11,bf20d0e5-4b79-481a-92d6-3b159ce4d4a0,160
9,d7e101e3-1c37-4827-872a-2a9e7994aaab,161
16,59424c88-808c-4285-b95a-607928e016a1,162
14,7ceb34df-c5cd-4a6d-bbbd-ba393535b9d2,163
17,55a493f1-a88a-4fe2-b666-b93388223926,164
11,d8e46018-304b-49b7-bb5b-d128007be5bd,165
21,2f638a13-eb24-4d61-ad54-7aaf0b822823,166
20,72d8246e-bd38-49b2-88c7-96f11c51f1fb,167
14,c0969d1b-26f7-4e83-9b27-3a4a0551f760,168
9,309c4ad8-2776-4955-b1b5-8ab5409090ad,169
11,21f1397e-1a61-401a-bc67-1e74523bf8d8,170
1,d372a3ee-4ff5-48df-a5f2-7da725570f5e,171
19,0fc1c0b7-84d2-4abf-91e6-e4a36a1436be,172
17,0eb47436-5e7e-4cba-99f5-fad4a55378c2,173
11,309c4ad8-2776-4955-b1b5-8ab5409090ad,174
2,55a493f1-a88a-4fe2-b666-b93388223926,175
4,e1cf4dad-91e9-442f-857c-910eccf92228,176
3,57a87455-1a19-4d48-90c9-bd9040670f85,177
22,1a544d73-a68c-4d6c-8d83-98d999716ab5,178
13,bf20d0e5-4b79-481a-92d6-3b159ce4d4a0,179
3,59424c88-808c-4285-b95a-607928e016a1,180
17,2d1f121d-f3ba-48f9-aff2-b38da7db30cf,181
2,fc70f172-e0d8-4202-a83b-a8d6cc75de10,182
1,5922b91c-31eb-443e-b15f-acbae8cf8831,183
11,a12b297c-6ca7-436c-8318-08b5a05e1eea,184
6,6ddac491-3bfa-420a-8098-f3c741f530b6,185
18,d4fba2d9-c269-4d11-82f8-e94787f74bc1,186
19,12fa2bc8-2060-41f1-a8ce-0ad8dc7c31e6,187
2,aec9a7a7-c8be-461b-8047-f0c97726edf1,188
14,7fa4b44f-6167-4bfe-b42b-5494a85f17c0,189
6,5922b91c-31eb-443e-b15f-acbae8cf8831,190
3,2d1f121d-f3ba-48f9-aff2-b38da7db30cf,191
17,c8a0eed4-ccd5-46fc-8b97-64b89728d342,192
7,59424c88-808c-4285-b95a-607928e016a1,193
12,8913dd3b-624d-4610-837e-ca0063075e6b,194
13,8913dd3b-624d-4610-837e-ca0063075e6b,195
4,59424c88-808c-4285-b95a-607928e016a1,196
1,55a493f1-a88a-4fe2-b666-b93388223926,197
20,c3c774e8-72c0-43bf-8075-97856dc04866,198
11,d3f82f56-4d74-4c26-a4c7-d20f153383cb,199
10,6ddac491-3bfa-420a-8098-f3c741f530b6,200
9,cff4ee54-8789-46e5-a995-15c0dea35275,201
6,e4c1ffc2-23bf-4bbc-958a-758263a0dd67,202
21,df3e4352-c037-4293-aeb8-74b7aae6fb8a,203
14,309c4ad8-2776-4955-b1b5-8ab5409090ad,204
10,309c4ad8-2776-4955-b1b5-8ab5409090ad,205
3,b53f72f1-d162-4f47-a6af-c538db450833,206
18,c0969d1b-26f7-4e83-9b27-3a4a0551f760,207
10,80dad91e-02f0-4182-ae63-9bfe710a66b9,208
19,8913dd3b-624d-4610-837e-ca0063075e6b,209
18,6ddac491-3bfa-420a-8098-f3c741f530b6,210
2,7fa4b44f-6167-4bfe-b42b-5494a85f17c0,211
6,fe8c95dc-f314-472c-a317-83d7bb76fbc9,212
3,0fc1c0b7-84d2-4abf-91e6-e4a36a1436be,213
16,cd3a4bbc-f36c-4e3d-9158-9a39dcff7644,214
10,2d1f121d-f3ba-48f9-aff2-b38da7db30cf,215
5,aec9a7a7-c8be-461b-8047-f0c97726edf1,216
6,72d8246e-bd38-49b2-88c7-96f11c51f1fb,217
11,ba2adea1-5399-4c45-9c94-9f26f726f62e,218
9,12fa2bc8-2060-41f1-a8ce-0ad8dc7c31e6,219
2,e1cf4dad-91e9-442f-857c-910eccf92228,220
4,1a544d73-a68c-4d6c-8d83-98d999716ab5,221
8,d8e46018-304b-49b7-bb5b-d128007be5bd,222
17,7fa4b44f-6167-4bfe-b42b-5494a85f17c0,223
3,d3f82f56-4d74-4c26-a4c7-d20f153383cb,224
17,d7e101e3-1c37-4827-872a-2a9e7994aaab,225
18,c3453dc3-772c-4d3b-b535-e058788237ed,226
16,bf20d0e5-4b79-481a-92d6-3b159ce4d4a0,227
7,79463069-f838-4edd-9438-cdc4c95e75a2,228
13,aec9a7a7-c8be-461b-8047-f0c97726edf1,229
3,5922b91c-31eb-443e-b15f-acbae8cf8831,230
22,fc70f172-e0d8-4202-a83b-a8d6cc75de10,231
16,aec9a7a7-c8be-461b-8047-f0c97726edf1,232
4,449de61b-f2b5-406f-8445-17b960996d0a,233
20,8f8ceb3d-7d6a-46cb-8d24-03c5cee108c1,234
22,0be1929c-a780-4078-9e98-6df4cf99c936,235
9,2d1f121d-f3ba-48f9-aff2-b38da7db30cf,236
6,21f1397e-1a61-401a-bc67-1e74523bf8d8,237
5,b53f72f1-d162-4f47-a6af-c538db450833,238
6,ed65e55c-cdd7-4672-bfd0-37b3a5afd703,239
5,6ddac491-3bfa-420a-8098-f3c741f530b6,240
1,0be1929c-a780-4078-9e98-6df4cf99c936,241
15,1a544d73-a68c-4d6c-8d83-98d999716ab5,242
13,7fa4b44f-6167-4bfe-b42b-5494a85f17c0,243
6,55a493f1-a88a-4fe2-b666-b93388223926,244
17,c3453dc3-772c-4d3b-b535-e058788237ed,245
18,80dad91e-02f0-4182-ae63-9bfe710a66b9,246
8,55a493f1-a88a-4fe2-b666-b93388223926,247
13,309c4ad8-2776-4955-b1b5-8ab5409090ad,248
5,d372a3ee-4ff5-48df-a5f2-7da725570f5e,249
18,8913dd3b-624d-4610-837e-ca0063075e6b,250
16,ed65e55c-cdd7-4672-bfd0-37b3a5afd703,251
14,72d8246e-bd38-49b2-88c7-96f11c51f1fb,252
10,21f1397e-1a61-401a-bc67-1e74523bf8d8,253
17,59424c88-808c-4285-b95a-607928e016a1,254
1,c8a0eed4-ccd5-46fc-8b97-64b89728d342,255
7,2f638a13-eb24-4d61-ad54-7aaf0b822823,256
20,d372a3ee-4ff5-48df-a5f2-7da725570f5e,257
11,2086fb93-7036-4127-b46f-14b11794fd56,258
17,a12b297c-6ca7-436c-8318-08b5a05e1eea,259
21,c0969d1b-26f7-4e83-9b27-3a4a0551f760,260
22,8913dd3b-624d-4610-837e-ca0063075e6b,261
21,d372a3ee-4ff5-48df-a5f2-7da725570f5e,262
6,1a544d73-a68c-4d6c-8d83-98d999716ab5,263
8,72d8246e-bd38-49b2-88c7-96f11c51f1fb,264
21,fc70f172-e0d8-4202-a83b-a8d6cc75de10,265
10,c8a0eed4-ccd5-46fc-8b97-64b89728d342,266
13,57a87455-1a19-4d48-90c9-bd9040670f85,267
17,8eb8ab26-579c-4927-8866-9f0cfb37824a,268
8,5922b91c-31eb-443e-b15f-acbae8cf8831,269
15,d7e101e3-1c37-4827-872a-2a9e7994aaab,270
20,bf20d0e5-4b79-481a-92d6-3b159ce4d4a0,271
7,0be1929c-a780-4078-9e98-6df4cf99c936,272
4,7ceb34df-c5cd-4a6d-bbbd-ba393535b9d2,273
2,295c30fe-615a-4769-bade-21c7e3e975a9,274
6,cff4ee54-8789-46e5-a995-15c0dea35275,275
3,ba2adea1-5399-4c45-9c94-9f26f726f62e,276
21,8913dd3b-624d-4610-837e-ca0063075e6b,277
21,d7e101e3-1c37-4827-872a-2a9e7994aaab,278
10,fe8c95dc-f314-472c-a317-83d7bb76fbc9,279
11,c3453dc3-772c-4d3b-b535-e058788237ed,280
5,1a544d73-a68c-4d6c-8d83-98d999716ab5,281
4,21f1397e-1a61-401a-bc67-1e74523bf8d8,282
14,df3e4352-c037-4293-aeb8-74b7aae6fb8a,283
16,8eb8ab26-579c-4927-8866-9f0cfb37824a,284
12,59424c88-808c-4285-b95a-607928e016a1,285
16,5922b91c-31eb-443e-b15f-acbae8cf8831,286
8,2f638a13-eb24-4d61-ad54-7aaf0b822823,287
19,a12b297c-6ca7-436c-8318-08b5a05e1eea,288
18,57a87455-1a19-4d48-90c9-bd9040670f85,289
13,12fa2bc8-2060-41f1-a8ce-0ad8dc7c31e6,290
20,2f638a13-eb24-4d61-ad54-7aaf0b822823,291
11,d7e101e3-1c37-4827-872a-2a9e7994aaab,292
19,7fa4b44f-6167-4bfe-b42b-5494a85f17c0,293
7,e4c1ffc2-23bf-4bbc-958a-758263a0dd67,294
6,309c4ad8-2776-4955-b1b5-8ab5409090ad,295
2,d7e101e3-1c37-4827-872a-2a9e7994aaab,296
6,2086fb93-7036-4127-b46f-14b11794fd56,297
7,c8a0eed4-ccd5-46fc-8b97-64b89728d342,298
2,e4c1ffc2-23bf-4bbc-958a-758263a0dd67,299
3,e09c188d-aea7-4cf2-9bb6-6eed739db033,300
8,7ceb34df-c5cd-4a6d-bbbd-ba393535b9d2,301
13,d372a3ee-4ff5-48df-a5f2-7da725570f5e,302
1,d3f82f56-4d74-4c26-a4c7-d20f153383cb,303
7,d7e101e3-1c37-4827-872a-2a9e7994aaab,304
3,fe8c95dc-f314-472c-a317-83d7bb76fbc9,305
10,c3c774e8-72c0-43bf-8075-97856dc04866,306
20,df3e4352-c037-4293-aeb8-74b7aae6fb8a,307
17,b53f72f1-d162-4f47-a6af-c538db450833,308
13,5922b91c-31eb-443e-b15f-acbae8cf8831,309
16,295c30fe-615a-4769-bade-21c7e3e975a9,310
12,cff4ee54-8789-46e5-a995-15c0dea35275,311
18,0be1929c-a780-4078-9e98-6df4cf99c936,312
20,b53f72f1-d162-4f47-a6af-c538db450833,313
17,57a87455-1a19-4d48-90c9-bd9040670f85,314
7,72d8246e-bd38-49b2-88c7-96f11c51f1fb,315
17,d8e46018-304b-49b7-bb5b-d128007be5bd,316
18,bf20d0e5-4b79-481a-92d6-3b159ce4d4a0,317
21,61b6a185-51b2-47f0-bfa2-7c6615e9e145,318
15,e09c188d-aea7-4cf2-9bb6-6eed739db033,319
8,e1cf4dad-91e9-442f-857c-910eccf92228,320
21,e4c1ffc2-23bf-4bbc-958a-758263a0dd67,321
16,1a544d73-a68c-4d6c-8d83-98d999716ab5,322
18,ed65e55c-cdd7-4672-bfd0-37b3a5afd703,323
21,309c4ad8-2776-4955-b1b5-8ab5409090ad,324
20,449de61b-f2b5-406f-8445-17b960996d0a,325
18,e09c188d-aea7-4cf2-9bb6-6eed739db033,326
11,12fa2bc8-2060-41f1-a8ce-0ad8dc7c31e6,327
9,7ceb34df-c5cd-4a6d-bbbd-ba393535b9d2,328
6,d372a3ee-4ff5-48df-a5f2-7da725570f5e,329
13,1a544d73-a68c-4d6c-8d83-98d999716ab5,330
5,d4fba2d9-c269-4d11-82f8-e94787f74bc1,331
15,57a87455-1a19-4d48-90c9-bd9040670f85,332
9,2f638a13-eb24-4d61-ad54-7aaf0b822823,333
1,8913dd3b-624d-4610-837e-ca0063075e6b,334
17,c3c774e8-72c0-43bf-8075-97856dc04866,335
2,79463069-f838-4edd-9438-cdc4c95e75a2,336
9,d8e46018-304b-49b7-bb5b-d128007be5bd,337
10,aec9a7a7-c8be-461b-8047-f0c97726edf1,338
1,cd3a4bbc-f36c-4e3d-9158-9a39dcff7644,339
9,c0969d1b-26f7-4e83-9b27-3a4a0551f760,340
20,ba2adea1-5399-4c45-9c94-9f26f726f62e,341
4,b53f72f1-d162-4f47-a6af-c538db450833,342
21,1a544d73-a68c-4d6c-8d83-98d999716ab5,343
1,b53f72f1-d162-4f47-a6af-c538db450833,344
7,aec9a7a7-c8be-461b-8047-f0c97726edf1,345
7,8eb8ab26-579c-4927-8866-9f0cfb37824a,346
22,2086fb93-7036-4127-b46f-14b11794fd56,347
20,8eb8ab26-579c-4927-8866-9f0cfb37824a,348
16,c0969d1b-26f7-4e83-9b27-3a4a0551f760,349
15,309c4ad8-2776-4955-b1b5-8ab5409090ad,350
12,0be1929c-a780-4078-9e98-6df4cf99c936,351
19,d8e46018-304b-49b7-bb5b-d128007be5bd,352
13,c3453dc3-772c-4d3b-b535-e058788237ed,353
5,fc70f172-e0d8-4202-a83b-a8d6cc75de10,354
12,80dad91e-02f0-4182-ae63-9bfe710a66b9,355
14,8eb8ab26-579c-4927-8866-9f0cfb37824a,356
10,2f638a13-eb24-4d61-ad54-7aaf0b822823,357
7,df3e4352-c037-4293-aeb8-74b7aae6fb8a,358
20,80dad91e-02f0-4182-ae63-9bfe710a66b9,359
22,6ddac491-3bfa-420a-8098-f3c741f530b6,360
1,2f638a13-eb24-4d61-ad54-7aaf0b822823,361
12,12fa2bc8-2060-41f1-a8ce-0ad8dc7c31e6,362
22,e1cf4dad-91e9-442f-857c-910eccf92228,363
11,59424c88-808c-4285-b95a-607928e016a1,364
12,79463069-f838-4edd-9438-cdc4c95e75a2,365
7,ba2adea1-5399-4c45-9c94-9f26f726f62e,366
22,e09c188d-aea7-4cf2-9bb6-6eed739db033,367
4,e4c1ffc2-23bf-4bbc-958a-758263a0dd67,368
5,e1cf4dad-91e9-442f-857c-910eccf92228,369
12,ed65e55c-cdd7-4672-bfd0-37b3a5afd703,370
22,2d1f121d-f3ba-48f9-aff2-b38da7db30cf,371
15,e1cf4dad-91e9-442f-857c-910eccf92228,372
15,a12b297c-6ca7-436c-8318-08b5a05e1eea,373
6,61b6a185-51b2-47f0-bfa2-7c6615e9e145,374
4,df3e4352-c037-4293-aeb8-74b7aae6fb8a,375
14,ed65e55c-cdd7-4672-bfd0-37b3a5afd703,376
13,d7e101e3-1c37-4827-872a-2a9e7994aaab,377
19,21f1397e-1a61-401a-bc67-1e74523bf8d8,378
7,e1cf4dad-91e9-442f-857c-910eccf92228,379
21,59424c88-808c-4285-b95a-607928e016a1,380
14,59424c88-808c-4285-b95a-607928e016a1,381
22,d4fba2d9-c269-4d11-82f8-e94787f74bc1,382
5,cff4ee54-8789-46e5-a995-15c0dea35275,383
20,aec9a7a7-c8be-461b-8047-f0c97726edf1,384
1,80dad91e-02f0-4182-ae63-9bfe710a66b9,385
7,55a493f1-a88a-4fe2-b666-b93388223926,386
10,cd3a4bbc-f36c-4e3d-9158-9a39dcff7644,387
10,8913dd3b-624d-4610-837e-ca0063075e6b,388
2,6ddac491-3bfa-420a-8098-f3c741f530b6,389
16,79463069-f838-4edd-9438-cdc4c95e75a2,390
18,449de61b-f2b5-406f-8445-17b960996d0a,391
6,c3453dc3-772c-4d3b-b535-e058788237ed,392
16,2086fb93-7036-4127-b46f-14b11794fd56,393
7,c3453dc3-772c-4d3b-b535-e058788237ed,394
2,c0969d1b-26f7-4e83-9b27-3a4a0551f760,395
18,a12b297c-6ca7-436c-8318-08b5a05e1eea,396
10,c3453dc3-772c-4d3b-b535-e058788237ed,397
3,e1cf4dad-91e9-442f-857c-910eccf92228,398
22,b53f72f1-d162-4f47-a6af-c538db450833,399
19,8eb8ab26-579c-4927-8866-9f0cfb37824a,400
3,80dad91e-02f0-4182-ae63-9bfe710a66b9,401
14,d4fba2d9-c269-4d11-82f8-e94787f74bc1,402
15,59424c88-808c-4285-b95a-607928e016a1,403
17,21f1397e-1a61-401a-bc67-1e74523bf8d8,404
2,80dad91e-02f0-4182-ae63-9bfe710a66b9,405
16,c8a0eed4-ccd5-46fc-8b97-64b89728d342,406
7,d8e46018-304b-49b7-bb5b-d128007be5bd,407
22,aec9a7a7-c8be-461b-8047-f0c97726edf1,408
16,d3f82f56-4d74-4c26-a4c7-d20f153383cb,409
1,c0969d1b-26f7-4e83-9b27-3a4a0551f760,410
11,2d1f121d-f3ba-48f9-aff2-b38da7db30cf,411
16,fc70f172-e0d8-4202-a83b-a8d6cc75de10,412
9,7fa4b44f-6167-4bfe-b42b-5494a85f17c0,413
16,8913dd3b-624d-4610-837e-ca0063075e6b,414
16,df3e4352-c037-4293-aeb8-74b7aae6fb8a,415
1,c3c774e8-72c0-43bf-8075-97856dc04866,416
3,cd3a4bbc-f36c-4e3d-9158-9a39dcff7644,417
15,b53f72f1-d162-4f47-a6af-c538db450833,418
13,df3e4352-c037-4293-aeb8-74b7aae6fb8a,419
6,d8e46018-304b-49b7-bb5b-d128007be5bd,420
17,cab58cac-d2f7-4d2b-bf0b-a391c1d0cb22,421
19,309c4ad8-2776-4955-b1b5-8ab5409090ad,422
5,2f638a13-eb24-4d61-ad54-7aaf0b822823,423
13,55a493f1-a88a-4fe2-b666-b93388223926,424
15,d372a3ee-4ff5-48df-a5f2-7da725570f5e,425
5,2086fb93-7036-4127-b46f-14b11794fd56,426
11,c8a0eed4-ccd5-46fc-8b97-64b89728d342,427
16,e09c188d-aea7-4cf2-9bb6-6eed739db033,428
11,79463069-f838-4edd-9438-cdc4c95e75a2,429
21,295c30fe-615a-4769-bade-21c7e3e975a9,430
22,c8a0eed4-ccd5-46fc-8b97-64b89728d342,431
4,fe8c95dc-f314-472c-a317-83d7bb76fbc9,432
10,ba2adea1-5399-4c45-9c94-9f26f726f62e,433
18,d372a3ee-4ff5-48df-a5f2-7da725570f5e,434
11,61b6a185-51b2-47f0-bfa2-7c6615e9e145,435
15,e4c1ffc2-23bf-4bbc-958a-758263a0dd67,436
10,1a544d73-a68c-4d6c-8d83-98d999716ab5,437
19,cff4ee54-8789-46e5-a995-15c0dea35275,438
11,8f8ceb3d-7d6a-46cb-8d24-03c5cee108c1,439
1,7ceb34df-c5cd-4a6d-bbbd-ba393535b9d2,440
16,c3c774e8-72c0-43bf-8075-97856dc04866,441
6,c0969d1b-26f7-4e83-9b27-3a4a0551f760,442
20,e4c1ffc2-23bf-4bbc-958a-758263a0dd67,443
9,d372a3ee-4ff5-48df-a5f2-7da725570f5e,444
15,cd3a4bbc-f36c-4e3d-9158-9a39dcff7644,445
13,fe8c95dc-f314-472c-a317-83d7bb76fbc9,446
2,309c4ad8-2776-4955-b1b5-8ab5409090ad,447
2,72d8246e-bd38-49b2-88c7-96f11c51f1fb,448
20,c3453dc3-772c-4d3b-b535-e058788237ed,449
22,d3f82f56-4d74-4c26-a4c7-d20f153383cb,450
5,0fc1c0b7-84d2-4abf-91e6-e4a36a1436be,451
9,0fc1c0b7-84d2-4abf-91e6-e4a36a1436be,452
3,8f8ceb3d-7d6a-46cb-8d24-03c5cee108c1,453
20,a12b297c-6ca7-436c-8318-08b5a05e1eea,454
3,2086fb93-7036-4127-b46f-14b11794fd56,455
17,72d8246e-bd38-49b2-88c7-96f11c51f1fb,456
4,c8a0eed4-ccd5-46fc-8b97-64b89728d342,457
14,2086fb93-7036-4127-b46f-14b11794fd56,458
15,ba2adea1-5399-4c45-9c94-9f26f726f62e,459
22,c0969d1b-26f7-4e83-9b27-3a4a0551f760,460
1,57a87455-1a19-4d48-90c9-bd9040670f85,461
15,449de61b-f2b5-406f-8445-17b960996d0a,462
5,2d1f121d-f3ba-48f9-aff2-b38da7db30cf,463
6,80dad91e-02f0-4182-ae63-9bfe710a66b9,464
2,449de61b-f2b5-406f-8445-17b960996d0a,465
18,cab58cac-d2f7-4d2b-bf0b-a391c1d0cb22,466
1,df3e4352-c037-4293-aeb8-74b7aae6fb8a,467
3,a12b297c-6ca7-436c-8318-08b5a05e1eea,468
4,aec9a7a7-c8be-461b-8047-f0c97726edf1,469
15,c3c774e8-72c0-43bf-8075-97856dc04866,470
14,0fc1c0b7-84d2-4abf-91e6-e4a36a1436be,471
20,fe8c95dc-f314-472c-a317-83d7bb76fbc9,472
2,cab58cac-d2f7-4d2b-bf0b-a391c1d0cb22,473
5,5922b91c-31eb-443e-b15f-acbae8cf8831,474
10,7fa4b44f-6167-4bfe-b42b-5494a85f17c0,475
22,55a493f1-a88a-4fe2-b666-b93388223926,476
9,e4c1ffc2-23bf-4bbc-958a-758263a0dd67,477
19,b53f72f1-d162-4f47-a6af-c538db450833,478
16,d7e101e3-1c37-4827-872a-2a9e7994aaab,479
11,c0969d1b-26f7-4e83-9b27-3a4a0551f760,480
13,e1cf4dad-91e9-442f-857c-910eccf92228,481
19,2f638a13-eb24-4d61-ad54-7aaf0b822823,482
8,d7e101e3-1c37-4827-872a-2a9e7994aaab,483
10,61b6a185-51b2-47f0-bfa2-7c6615e9e145,484
16,80dad91e-02f0-4182-ae63-9bfe710a66b9,485
10,cab58cac-d2f7-4d2b-bf0b-a391c1d0cb22,486
16,cff4ee54-8789-46e5-a995-15c0dea35275,487
21,21f1397e-1a61-401a-bc67-1e74523bf8d8,488
13,d3f82f56-4d74-4c26-a4c7-d20f153383cb,489
18,7ceb34df-c5cd-4a6d-bbbd-ba393535b9d2,490
16,21f1397e-1a61-401a-bc67-1e74523bf8d8,491
15,0be1929c-a780-4078-9e98-6df4cf99c936,492
22,ba2adea1-5399-4c45-9c94-9f26f726f62e,493
20,2d1f121d-f3ba-48f9-aff2-b38da7db30cf,494
22,7ceb34df-c5cd-4a6d-bbbd-ba393535b9d2,495
21,cab58cac-d2f7-4d2b-bf0b-a391c1d0cb22,496
17,c0969d1b-26f7-4e83-9b27-3a4a0551f760,497
4,ed65e55c-cdd7-4672-bfd0-37b3a5afd703,498
4,2d1f121d-f3ba-48f9-aff2-b38da7db30cf,499
10,cff4ee54-8789-46e5-a995-15c0dea35275,500
4,7fa4b44f-6167-4bfe-b42b-5494a85f17c0,501
12,2f638a13-eb24-4d61-ad54-7aaf0b822823,502
7,0fc1c0b7-84d2-4abf-91e6-e4a36a1436be,503
14,d3f82f56-4d74-4c26-a4c7-d20f153383cb,504
5,d8e46018-304b-49b7-bb5b-d128007be5bd,505
6,ba2adea1-5399-4c45-9c94-9f26f726f62e,506
8,c3c774e8-72c0-43bf-8075-97856dc04866,507
9,a12b297c-6ca7-436c-8318-08b5a05e1eea,508
16,a12b297c-6ca7-436c-8318-08b5a05e1eea,509
11,295c30fe-615a-4769-bade-21c7e3e975a9,510
5,79463069-f838-4edd-9438-cdc4c95e75a2,511
19,449de61b-f2b5-406f-8445-17b960996d0a,512
22,cab58cac-d2f7-4d2b-bf0b-a391c1d0cb22,513
14,8913dd3b-624d-4610-837e-ca0063075e6b,514
21,bf20d0e5-4b79-481a-92d6-3b159ce4d4a0,515
8,2d1f121d-f3ba-48f9-aff2-b38da7db30cf,516
20,c8a0eed4-ccd5-46fc-8b97-64b89728d342,517
10,7ceb34df-c5cd-4a6d-bbbd-ba393535b9d2,518
16,c3453dc3-772c-4d3b-b535-e058788237ed,519
17,6ddac491-3bfa-420a-8098-f3c741f530b6,520
3,0be1929c-a780-4078-9e98-6df4cf99c936,521
6,0eb47436-5e7e-4cba-99f5-fad4a55378c2,522
11,ed65e55c-cdd7-4672-bfd0-37b3a5afd703,523
14,a12b297c-6ca7-436c-8318-08b5a05e1eea,524
12,72d8246e-bd38-49b2-88c7-96f11c51f1fb,525
16,b53f72f1-d162-4f47-a6af-c538db450833,526
22,2f638a13-eb24-4d61-ad54-7aaf0b822823,527
19,df3e4352-c037-4293-aeb8-74b7aae6fb8a,528
21,c8a0eed4-ccd5-46fc-8b97-64b89728d342,529
19,e4c1ffc2-23bf-4bbc-958a-758263a0dd67,530
17,0be1929c-a780-4078-9e98-6df4cf99c936,531
1,61b6a185-51b2-47f0-bfa2-7c6615e9e145,532
9,e09c188d-aea7-4cf2-9bb6-6eed739db033,533
16,d372a3ee-4ff5-48df-a5f2-7da725570f5e,534
15,d3f82f56-4d74-4c26-a4c7-d20f153383cb,535
6,d4fba2d9-c269-4d11-82f8-e94787f74bc1,536
14,cff4ee54-8789-46e5-a995-15c0dea35275,537
8,2086fb93-7036-4127-b46f-14b11794fd56,538
11,7fa4b44f-6167-4bfe-b42b-5494a85f17c0,539
19,c8a0eed4-ccd5-46fc-8b97-64b89728d342,540
5,e4c1ffc2-23bf-4bbc-958a-758263a0dd67,541
2,2086fb93-7036-4127-b46f-14b11794fd56,542
18,72d8246e-bd38-49b2-88c7-96f11c51f1fb,543
4,d4fba2d9-c269-4d11-82f8-e94787f74bc1,544
8,cab58cac-d2f7-4d2b-bf0b-a391c1d0cb22,545
17,aec9a7a7-c8be-461b-8047-f0c97726edf1,546
3,c3c774e8-72c0-43bf-8075-97856dc04866,547
21,2d1f121d-f3ba-48f9-aff2-b38da7db30cf,548
2,2d1f121d-f3ba-48f9-aff2-b38da7db30cf,549
8,449de61b-f2b5-406f-8445-17b960996d0a,550
19,80dad91e-02f0-4182-ae63-9bfe710a66b9,551
15,aec9a7a7-c8be-461b-8047-f0c97726edf1,552
20,cab58cac-d2f7-4d2b-bf0b-a391c1d0cb22,553
12,d372a3ee-4ff5-48df-a5f2-7da725570f5e,554
7,cab58cac-d2f7-4d2b-bf0b-a391c1d0cb22,555
22,61b6a185-51b2-47f0-bfa2-7c6615e9e145,556
4,d7e101e3-1c37-4827-872a-2a9e7994aaab,557
10,57a87455-1a19-4d48-90c9-bd9040670f85,558
20,8913dd3b-624d-4610-837e-ca0063075e6b,559
8,fc70f172-e0d8-4202-a83b-a8d6cc75de10,560
8,80dad91e-02f0-4182-ae63-9bfe710a66b9,561
10,d4fba2d9-c269-4d11-82f8-e94787f74bc1,562
2,2f638a13-eb24-4d61-ad54-7aaf0b822823,563
4,8913dd3b-624d-4610-837e-ca0063075e6b,564
12,57a87455-1a19-4d48-90c9-bd9040670f85,565
19,fe8c95dc-f314-472c-a317-83d7bb76fbc9,566
3,7ceb34df-c5cd-4a6d-bbbd-ba393535b9d2,567
13,21f1397e-1a61-401a-bc67-1e74523bf8d8,568
14,d372a3ee-4ff5-48df-a5f2-7da725570f5e,569
3,d372a3ee-4ff5-48df-a5f2-7da725570f5e,570
6,cd3a4bbc-f36c-4e3d-9158-9a39dcff7644,571
1,7fa4b44f-6167-4bfe-b42b-5494a85f17c0,572
11,57a87455-1a19-4d48-90c9-bd9040670f85,573
14,57a87455-1a19-4d48-90c9-bd9040670f85,574
17,cd3a4bbc-f36c-4e3d-9158-9a39dcff7644,575
7,fc70f172-e0d8-4202-a83b-a8d6cc75de10,576
4,fc70f172-e0d8-4202-a83b-a8d6cc75de10,577
10,5922b91c-31eb-443e-b15f-acbae8cf8831,578
8,bf20d0e5-4b79-481a-92d6-3b159ce4d4a0,579
17,e1cf4dad-91e9-442f-857c-910eccf92228,580
5,8f8ceb3d-7d6a-46cb-8d24-03c5cee108c1,581
7,8f8ceb3d-7d6a-46cb-8d24-03c5cee108c1,582
17,8f8ceb3d-7d6a-46cb-8d24-03c5cee108c1,583
9,d3f82f56-4d74-4c26-a4c7-d20f153383cb,584
22,d372a3ee-4ff5-48df-a5f2-7da725570f5e,585
8,ed65e55c-cdd7-4672-bfd0-37b3a5afd703,586
8,59424c88-808c-4285-b95a-607928e016a1,587
16,e4c1ffc2-23bf-4bbc-958a-758263a0dd67,588
2,59424c88-808c-4285-b95a-607928e016a1,589
8,c8a0eed4-ccd5-46fc-8b97-64b89728d342,590
9,8eb8ab26-579c-4927-8866-9f0cfb37824a,591
4,57a87455-1a19-4d48-90c9-bd9040670f85,592
1,2086fb93-7036-4127-b46f-14b11794fd56,593
6,df3e4352-c037-4293-aeb8-74b7aae6fb8a,594
13,c0969d1b-26f7-4e83-9b27-3a4a0551f760,595
8,7fa4b44f-6167-4bfe-b42b-5494a85f17c0,596
4,cab58cac-d2f7-4d2b-bf0b-a391c1d0cb22,597
2,21f1397e-1a61-401a-bc67-1e74523bf8d8,598
10,d7e101e3-1c37-4827-872a-2a9e7994aaab,599
1,fc70f172-e0d8-4202-a83b-a8d6cc75de10,600
8,ba2adea1-5399-4c45-9c94-9f26f726f62e,601
4,6ddac491-3bfa-420a-8098-f3c741f530b6,602
2,e09c188d-aea7-4cf2-9bb6-6eed739db033,603
7,2086fb93-7036-4127-b46f-14b11794fd56,604
10,df3e4352-c037-4293-aeb8-74b7aae6fb8a,605
16,cab58cac-d2f7-4d2b-bf0b-a391c1d0cb22,606
19,7ceb34df-c5cd-4a6d-bbbd-ba393535b9d2,607
19,cd3a4bbc-f36c-4e3d-9158-9a39dcff7644,608
20,0fc1c0b7-84d2-4abf-91e6-e4a36a1436be,609
22,295c30fe-615a-4769-bade-21c7e3e975a9,610
16,e1cf4dad-91e9-442f-857c-910eccf92228,611
1,e1cf4dad-91e9-442f-857c-910eccf92228,612
2,fe8c95dc-f314-472c-a317-83d7bb76fbc9,613
15,21f1397e-1a61-401a-bc67-1e74523bf8d8,614
7,e09c188d-aea7-4cf2-9bb6-6eed739db033,615
20,0be1929c-a780-4078-9e98-6df4cf99c936,616
22,309c4ad8-2776-4955-b1b5-8ab5409090ad,617
6,e1cf4dad-91e9-442f-857c-910eccf92228,618
17,79463069-f838-4edd-9438-cdc4c95e75a2,619
20,2086fb93-7036-4127-b46f-14b11794fd56,620
5,59424c88-808c-4285-b95a-607928e016a1,621
15,8eb8ab26-579c-4927-8866-9f0cfb37824a,622
18,55a493f1-a88a-4fe2-b666-b93388223926,623
20,7fa4b44f-6167-4bfe-b42b-5494a85f17c0,624
1,d4fba2d9-c269-4d11-82f8-e94787f74bc1,625
4,8f8ceb3d-7d6a-46cb-8d24-03c5cee108c1,626
11,0be1929c-a780-4078-9e98-6df4cf99c936,627
15,295c30fe-615a-4769-bade-21c7e3e975a9,628
17,1a544d73-a68c-4d6c-8d83-98d999716ab5,629
12,df3e4352-c037-4293-aeb8-74b7aae6fb8a,630
10,c0969d1b-26f7-4e83-9b27-3a4a0551f760,631
19,d7e101e3-1c37-4827-872a-2a9e7994aaab,632
9,c8a0eed4-ccd5-46fc-8b97-64b89728d342,633
2,5922b91c-31eb-443e-b15f-acbae8cf8831,634
14,80dad91e-02f0-4182-ae63-9bfe710a66b9,635
12,d7e101e3-1c37-4827-872a-2a9e7994aaab,636
2,cff4ee54-8789-46e5-a995-15c0dea35275,637
13,e4c1ffc2-23bf-4bbc-958a-758263a0dd67,638
13,c3c774e8-72c0-43bf-8075-97856dc04866,639
6,bf20d0e5-4b79-481a-92d6-3b159ce4d4a0,640
8,1a544d73-a68c-4d6c-8d83-98d999716ab5,641
12,8f8ceb3d-7d6a-46cb-8d24-03c5cee108c1,642
2,c3453dc3-772c-4d3b-b535-e058788237ed,643
11,cab58cac-d2f7-4d2b-bf0b-a391c1d0cb22,644
21,7fa4b44f-6167-4bfe-b42b-5494a85f17c0,645
6,d7e101e3-1c37-4827-872a-2a9e7994aaab,646
2,d3f82f56-4d74-4c26-a4c7-d20f153383cb,647
7,b53f72f1-d162-4f47-a6af-c538db450833,648
7,c3c774e8-72c0-43bf-8075-97856dc04866,649
10,8f8ceb3d-7d6a-46cb-8d24-03c5cee108c1,650
19,e1cf4dad-91e9-442f-857c-910eccf92228,651
12,c3453dc3-772c-4d3b-b535-e058788237ed,652
9,bf20d0e5-4b79-481a-92d6-3b159ce4d4a0,653
9,449de61b-f2b5-406f-8445-17b960996d0a,654
13,d8e46018-304b-49b7-bb5b-d128007be5bd,655
19,ba2adea1-5399-4c45-9c94-9f26f726f62e,656
7,21f1397e-1a61-401a-bc67-1e74523bf8d8,657
6,295c30fe-615a-4769-bade-21c7e3e975a9,658
4,0eb47436-5e7e-4cba-99f5-fad4a55378c2,659
18,295c30fe-615a-4769-bade-21c7e3e975a9,660
20,d8e46018-304b-49b7-bb5b-d128007be5bd,661
21,12fa2bc8-2060-41f1-a8ce-0ad8dc7c31e6,662
19,ed65e55c-cdd7-4672-bfd0-37b3a5afd703,663
20,21f1397e-1a61-401a-bc67-1e74523bf8d8,664
21,aec9a7a7-c8be-461b-8047-f0c97726edf1,665
12,c0969d1b-26f7-4e83-9b27-3a4a0551f760,666
16,2f638a13-eb24-4d61-ad54-7aaf0b822823,667
11,7ceb34df-c5cd-4a6d-bbbd-ba393535b9d2,668
20,fc70f172-e0d8-4202-a83b-a8d6cc75de10,669
22,df3e4352-c037-4293-aeb8-74b7aae6fb8a,670
22,72d8246e-bd38-49b2-88c7-96f11c51f1fb,671
10,e09c188d-aea7-4cf2-9bb6-6eed739db033,672
3,0eb47436-5e7e-4cba-99f5-fad4a55378c2,673
15,fe8c95dc-f314-472c-a317-83d7bb76fbc9,674
19,c3c774e8-72c0-43bf-8075-97856dc04866,675
13,fc70f172-e0d8-4202-a83b-a8d6cc75de10,676
21,2086fb93-7036-4127-b46f-14b11794fd56,677
9,e1cf4dad-91e9-442f-857c-910eccf92228,678
20,59424c88-808c-4285-b95a-607928e016a1,679
12,d3f82f56-4d74-4c26-a4c7-d20f153383cb,680
19,fc70f172-e0d8-4202-a83b-a8d6cc75de10,681
1,c3453dc3-772c-4d3b-b535-e058788237ed,682
18,8eb8ab26-579c-4927-8866-9f0cfb37824a,683
6,7fa4b44f-6167-4bfe-b42b-5494a85f17c0,684
8,cff4ee54-8789-46e5-a995-15c0dea35275,685
5,bf20d0e5-4b79-481a-92d6-3b159ce4d4a0,686
17,e09c188d-aea7-4cf2-9bb6-6eed739db033,687
5,309c4ad8-2776-4955-b1b5-8ab5409090ad,688
1,6ddac491-3bfa-420a-8098-f3c741f530b6,689
22,e4c1ffc2-23bf-4bbc-958a-758263a0dd67,690
12,ba2adea1-5399-4c45-9c94-9f26f726f62e,691
9,cab58cac-d2f7-4d2b-bf0b-a391c1d0cb22,692
19,0be1929c-a780-4078-9e98-6df4cf99c936,693
21,cff4ee54-8789-46e5-a995-15c0dea35275,694
14,e1cf4dad-91e9-442f-857c-910eccf92228,695
9,80dad91e-02f0-4182-ae63-9bfe710a66b9,696
5,e09c188d-aea7-4cf2-9bb6-6eed739db033,697
13,80dad91e-02f0-4182-ae63-9bfe710a66b9,698
5,a12b297c-6ca7-436c-8318-08b5a05e1eea,699
9,21f1397e-1a61-401a-bc67-1e74523bf8d8,700
16,309c4ad8-2776-4955-b1b5-8ab5409090ad,701
14,295c30fe-615a-4769-bade-21c7e3e975a9,702
8,8eb8ab26-579c-4927-8866-9f0cfb37824a,703
9,79463069-f838-4edd-9438-cdc4c95e75a2,704
4,79463069-f838-4edd-9438-cdc4c95e75a2,705
14,61b6a185-51b2-47f0-bfa2-7c6615e9e145,706
1,1a544d73-a68c-4d6c-8d83-98d999716ab5,707
21,79463069-f838-4edd-9438-cdc4c95e75a2,708
17,ed65e55c-cdd7-4672-bfd0-37b3a5afd703,709
5,cab58cac-d2f7-4d2b-bf0b-a391c1d0cb22,710
12,61b6a185-51b2-47f0-bfa2-7c6615e9e145,711
4,c0969d1b-26f7-4e83-9b27-3a4a0551f760,712
19,55a493f1-a88a-4fe2-b666-b93388223926,713
21,e1cf4dad-91e9-442f-857c-910eccf92228,714
20,5922b91c-31eb-443e-b15f-acbae8cf8831,715
6,79463069-f838-4edd-9438-cdc4c95e75a2,716
18,21f1397e-1a61-401a-bc67-1e74523bf8d8,717
3,2f638a13-eb24-4d61-ad54-7aaf0b822823,718
7,0eb47436-5e7e-4cba-99f5-fad4a55378c2,719
8,d372a3ee-4ff5-48df-a5f2-7da725570f5e,720
5,d7e101e3-1c37-4827-872a-2a9e7994aaab,721
16,2d1f121d-f3ba-48f9-aff2-b38da7db30cf,722
2,d372a3ee-4ff5-48df-a5f2-7da725570f5e,723
15,80dad91e-02f0-4182-ae63-9bfe710a66b9,724
20,e1cf4dad-91e9-442f-857c-910eccf92228,725
5,80dad91e-02f0-4182-ae63-9bfe710a66b9,726
2,df3e4352-c037-4293-aeb8-74b7aae6fb8a,727
8,61b6a185-51b2-47f0-bfa2-7c6615e9e145,728
12,fe8c95dc-f314-472c-a317-83d7bb76fbc9,729
17,449de61b-f2b5-406f-8445-17b960996d0a,730
20,79463069-f838-4edd-9438-cdc4c95e75a2,731
9,55a493f1-a88a-4fe2-b666-b93388223926,732
1,59424c88-808c-4285-b95a-607928e016a1,733
21,c3c774e8-72c0-43bf-8075-97856dc04866,734
13,0fc1c0b7-84d2-4abf-91e6-e4a36a1436be,735
9,c3453dc3-772c-4d3b-b535-e058788237ed,736
13,295c30fe-615a-4769-bade-21c7e3e975a9,737
12,cd3a4bbc-f36c-4e3d-9158-9a39dcff7644,738
2,57a87455-1a19-4d48-90c9-bd9040670f85,739
11,d372a3ee-4ff5-48df-a5f2-7da725570f5e,740
19,72d8246e-bd38-49b2-88c7-96f11c51f1fb,741
21,72d8246e-bd38-49b2-88c7-96f11c51f1fb,742
22,d7e101e3-1c37-4827-872a-2a9e7994aaab,743
12,bf20d0e5-4b79-481a-92d6-3b159ce4d4a0,744
4,d3f82f56-4d74-4c26-a4c7-d20f153383cb,745
16,ba2adea1-5399-4c45-9c94-9f26f726f62e,746
21,d4fba2d9-c269-4d11-82f8-e94787f74bc1,747
1,12fa2bc8-2060-41f1-a8ce-0ad8dc7c31e6,748
18,cff4ee54-8789-46e5-a995-15c0dea35275,749
8,0eb47436-5e7e-4cba-99f5-fad4a55378c2,750
17,e4c1ffc2-23bf-4bbc-958a-758263a0dd67,751
21,8eb8ab26-579c-4927-8866-9f0cfb37824a,752
22,79463069-f838-4edd-9438-cdc4c95e75a2,753
18,d7e101e3-1c37-4827-872a-2a9e7994aaab,754
2,c8a0eed4-ccd5-46fc-8b97-64b89728d342,755
14,21f1397e-1a61-401a-bc67-1e74523bf8d8,756
11,55a493f1-a88a-4fe2-b666-b93388223926,757
15,12fa2bc8-2060-41f1-a8ce-0ad8dc7c31e6,758
3,295c30fe-615a-4769-bade-21c7e3e975a9,759
2,8913dd3b-624d-4610-837e-ca0063075e6b,760
1,e4c1ffc2-23bf-4bbc-958a-758263a0dd67,761
6,e09c188d-aea7-4cf2-9bb6-6eed739db033,762
14,d8e46018-304b-49b7-bb5b-d128007be5bd,763
3,c8a0eed4-ccd5-46fc-8b97-64b89728d342,764
3,1a544d73-a68c-4d6c-8d83-98d999716ab5,765
7,309c4ad8-2776-4955-b1b5-8ab5409090ad,766
10,449de61b-f2b5-406f-8445-17b960996d0a,767
9,cd3a4bbc-f36c-4e3d-9158-9a39dcff7644,768
12,7ceb34df-c5cd-4a6d-bbbd-ba393535b9d2,769
2,d8e46018-304b-49b7-bb5b-d128007be5bd,770
19,cab58cac-d2f7-4d2b-bf0b-a391c1d0cb22,771
19,2086fb93-7036-4127-b46f-14b11794fd56,772
14,5922b91c-31eb-443e-b15f-acbae8cf8831,773
8,c3453dc3-772c-4d3b-b535-e058788237ed,774
11,cff4ee54-8789-46e5-a995-15c0dea35275,775
3,aec9a7a7-c8be-461b-8047-f0c97726edf1,776
8,309c4ad8-2776-4955-b1b5-8ab5409090ad,777
1,295c30fe-615a-4769-bade-21c7e3e975a9,778
22,a12b297c-6ca7-436c-8318-08b5a05e1eea,779
5,7fa4b44f-6167-4bfe-b42b-5494a85f17c0,780
8,0fc1c0b7-84d2-4abf-91e6-e4a36a1436be,781
6,8f8ceb3d-7d6a-46cb-8d24-03c5cee108c1,782
17,df3e4352-c037-4293-aeb8-74b7aae6fb8a,783
2,0be1929c-a780-4078-9e98-6df4cf99c936,784
14,cab58cac-d2f7-4d2b-bf0b-a391c1d0cb22,785
14,c3453dc3-772c-4d3b-b535-e058788237ed,786
16,d4fba2d9-c269-4d11-82f8-e94787f74bc1,787
4,cff4ee54-8789-46e5-a995-15c0dea35275,788
3,72d8246e-bd38-49b2-88c7-96f11c51f1fb,789
4,5922b91c-31eb-443e-b15f-acbae8cf8831,790
3,449de61b-f2b5-406f-8445-17b960996d0a,791
6,0fc1c0b7-84d2-4abf-91e6-e4a36a1436be,792
14,fe8c95dc-f314-472c-a317-83d7bb76fbc9,793
12,295c30fe-615a-4769-bade-21c7e3e975a9,794
13,0be1929c-a780-4078-9e98-6df4cf99c936,795
7,6ddac491-3bfa-420a-8098-f3c741f530b6,796
12,c8a0eed4-ccd5-46fc-8b97-64b89728d342,797
10,e4c1ffc2-23bf-4bbc-958a-758263a0dd67,798
18,0fc1c0b7-84d2-4abf-91e6-e4a36a1436be,799
3,ed65e55c-cdd7-4672-bfd0-37b3a5afd703,800
21,6ddac491-3bfa-420a-8098-f3c741f530b6,801
20,d4fba2d9-c269-4d11-82f8-e94787f74bc1,802
5,61b6a185-51b2-47f0-bfa2-7c6615e9e145,803
15,c8a0eed4-ccd5-46fc-8b97-64b89728d342,804
18,fc70f172-e0d8-4202-a83b-a8d6cc75de10,805
17,fc70f172-e0d8-4202-a83b-a8d6cc75de10,806
7,5922b91c-31eb-443e-b15f-acbae8cf8831,807
11,8eb8ab26-579c-4927-8866-9f0cfb37824a,808
4,c3c774e8-72c0-43bf-8075-97856dc04866,809
7,d4fba2d9-c269-4d11-82f8-e94787f74bc1,810
13,c8a0eed4-ccd5-46fc-8b97-64b89728d342,811
20,d7e101e3-1c37-4827-872a-2a9e7994aaab,812
4,61b6a185-51b2-47f0-bfa2-7c6615e9e145,813
5,df3e4352-c037-4293-aeb8-74b7aae6fb8a,814
20,d3f82f56-4d74-4c26-a4c7-d20f153383cb,815
3,61b6a185-51b2-47f0-bfa2-7c6615e9e145,816
11,5922b91c-31eb-443e-b15f-acbae8cf8831,817
10,295c30fe-615a-4769-bade-21c7e3e975a9,818
16,fe8c95dc-f314-472c-a317-83d7bb76fbc9,819
22,d8e46018-304b-49b7-bb5b-d128007be5bd,820
12,fc70f172-e0d8-4202-a83b-a8d6cc75de10,821
1,0eb47436-5e7e-4cba-99f5-fad4a55378c2,822
1,449de61b-f2b5-406f-8445-17b960996d0a,823
16,72d8246e-bd38-49b2-88c7-96f11c51f1fb,824
13,e09c188d-aea7-4cf2-9bb6-6eed739db033,825
5,0be1929c-a780-4078-9e98-6df4cf99c936,826
18,0eb47436-5e7e-4cba-99f5-fad4a55378c2,827
18,c8a0eed4-ccd5-46fc-8b97-64b89728d342,828
6,449de61b-f2b5-406f-8445-17b960996d0a,829
9,61b6a185-51b2-47f0-bfa2-7c6615e9e145,830
17,2086fb93-7036-4127-b46f-14b11794fd56,831
15,ed65e55c-cdd7-4672-bfd0-37b3a5afd703,832
12,e09c188d-aea7-4cf2-9bb6-6eed739db033,833
16,449de61b-f2b5-406f-8445-17b960996d0a,834
9,0be1929c-a780-4078-9e98-6df4cf99c936,835
7,449de61b-f2b5-406f-8445-17b960996d0a,836
12,55a493f1-a88a-4fe2-b666-b93388223926,837
15,5922b91c-31eb-443e-b15f-acbae8cf8831,838
1,72d8246e-bd38-49b2-88c7-96f11c51f1fb,839
14,1a544d73-a68c-4d6c-8d83-98d999716ab5,840
4,ba2adea1-5399-4c45-9c94-9f26f726f62e,841
15,6ddac491-3bfa-420a-8098-f3c741f530b6,842
20,1a544d73-a68c-4d6c-8d83-98d999716ab5,843
9,c3c774e8-72c0-43bf-8075-97856dc04866,844
19,8f8ceb3d-7d6a-46cb-8d24-03c5cee108c1,845
4,d372a3ee-4ff5-48df-a5f2-7da725570f5e,846
8,295c30fe-615a-4769-bade-21c7e3e975a9,847
20,295c30fe-615a-4769-bade-21c7e3e975a9,848
21,a12b297c-6ca7-436c-8318-08b5a05e1eea,849
19,6ddac491-3bfa-420a-8098-f3c741f530b6,850
10,2086fb93-7036-4127-b46f-14b11794fd56,851
17,d3f82f56-4d74-4c26-a4c7-d20f153383cb,852
22,80dad91e-02f0-4182-ae63-9bfe710a66b9,853
12,21f1397e-1a61-401a-bc67-1e74523bf8d8,854
14,c8a0eed4-ccd5-46fc-8b97-64b89728d342,855
1,e09c188d-aea7-4cf2-9bb6-6eed739db033,856
5,d3f82f56-4d74-4c26-a4c7-d20f153383cb,857
20,cd3a4bbc-f36c-4e3d-9158-9a39dcff7644,858
17,ba2adea1-5399-4c45-9c94-9f26f726f62e,859
6,b53f72f1-d162-4f47-a6af-c538db450833,860
3,d8e46018-304b-49b7-bb5b-d128007be5bd,861
19,c3453dc3-772c-4d3b-b535-e058788237ed,862
13,2d1f121d-f3ba-48f9-aff2-b38da7db30cf,863
18,e1cf4dad-91e9-442f-857c-910eccf92228,864
9,57a87455-1a19-4d48-90c9-bd9040670f85,865
21,d3f82f56-4d74-4c26-a4c7-d20f153383cb,866
3,309c4ad8-2776-4955-b1b5-8ab5409090ad,867
20,309c4ad8-2776-4955-b1b5-8ab5409090ad,868
7,d3f82f56-4d74-4c26-a4c7-d20f153383cb,869
12,cab58cac-d2f7-4d2b-bf0b-a391c1d0cb22,870
18,59424c88-808c-4285-b95a-607928e016a1,871
21,b53f72f1-d162-4f47-a6af-c538db450833,872
3,c3453dc3-772c-4d3b-b535-e058788237ed,873
11,e09c188d-aea7-4cf2-9bb6-6eed739db033,874
15,8f8ceb3d-7d6a-46cb-8d24-03c5cee108c1,875
6,8eb8ab26-579c-4927-8866-9f0cfb37824a,876
11,80dad91e-02f0-4182-ae63-9bfe710a66b9,877
22,0fc1c0b7-84d2-4abf-91e6-e4a36a1436be,878
6,57a87455-1a19-4d48-90c9-bd9040670f85,879
13,ed65e55c-cdd7-4672-bfd0-37b3a5afd703,880
4,295c30fe-615a-4769-bade-21c7e3e975a9,881
8,cd3a4bbc-f36c-4e3d-9158-9a39dcff7644,882
4,c3453dc3-772c-4d3b-b535-e058788237ed,883
12,e1cf4dad-91e9-442f-857c-910eccf92228,884
9,1a544d73-a68c-4d6c-8d83-98d999716ab5,885
7,7fa4b44f-6167-4bfe-b42b-5494a85f17c0,886
15,cff4ee54-8789-46e5-a995-15c0dea35275,887
8,e09c188d-aea7-4cf2-9bb6-6eed739db033,888
11,8913dd3b-624d-4610-837e-ca0063075e6b,889
12,b53f72f1-d162-4f47-a6af-c538db450833,890
22,8eb8ab26-579c-4927-8866-9f0cfb37824a,891
2,8f8ceb3d-7d6a-46cb-8d24-03c5cee108c1,892
15,fc70f172-e0d8-4202-a83b-a8d6cc75de10,893
14,12fa2bc8-2060-41f1-a8ce-0ad8dc7c31e6,894
11,0fc1c0b7-84d2-4abf-91e6-e4a36a1436be,895
7,a12b297c-6ca7-436c-8318-08b5a05e1eea,896
19,d372a3ee-4ff5-48df-a5f2-7da725570f5e,897
9,2086fb93-7036-4127-b46f-14b11794fd56,898
6,a12b297c-6ca7-436c-8318-08b5a05e1eea,899
5,fe8c95dc-f314-472c-a317-83d7bb76fbc9,900
8,b53f72f1-d162-4f47-a6af-c538db450833,901
10,55a493f1-a88a-4fe2-b666-b93388223926,902
9,ed65e55c-cdd7-4672-bfd0-37b3a5afd703,903
15,72d8246e-bd38-49b2-88c7-96f11c51f1fb,904
16,0eb47436-5e7e-4cba-99f5-fad4a55378c2,905
5,c3c774e8-72c0-43bf-8075-97856dc04866,906
20,ed65e55c-cdd7-4672-bfd0-37b3a5afd703,907
10,0eb47436-5e7e-4cba-99f5-fad4a55378c2,908
20,c0969d1b-26f7-4e83-9b27-3a4a0551f760,909
21,0eb47436-5e7e-4cba-99f5-fad4a55378c2,910
14,2f638a13-eb24-4d61-ad54-7aaf0b822823,911
12,aec9a7a7-c8be-461b-8047-f0c97726edf1,912
5,55a493f1-a88a-4fe2-b666-b93388223926,913
10,ed65e55c-cdd7-4672-bfd0-37b3a5afd703,914
12,e4c1ffc2-23bf-4bbc-958a-758263a0dd67,915
11,2f638a13-eb24-4d61-ad54-7aaf0b822823,916
13,a12b297c-6ca7-436c-8318-08b5a05e1eea,917
15,8913dd3b-624d-4610-837e-ca0063075e6b,918
1,bf20d0e5-4b79-481a-92d6-3b159ce4d4a0,919
22,0eb47436-5e7e-4cba-99f5-fad4a55378c2,920
15,2f638a13-eb24-4d61-ad54-7aaf0b822823,921
8,df3e4352-c037-4293-aeb8-74b7aae6fb8a,922
6,2d1f121d-f3ba-48f9-aff2-b38da7db30cf,923
15,d4fba2d9-c269-4d11-82f8-e94787f74bc1,924
17,5922b91c-31eb-443e-b15f-acbae8cf8831,925
19,2d1f121d-f3ba-48f9-aff2-b38da7db30cf,926
7,80dad91e-02f0-4182-ae63-9bfe710a66b9,927
21,ed65e55c-cdd7-4672-bfd0-37b3a5afd703,928
15,0eb47436-5e7e-4cba-99f5-fad4a55378c2,929
2,12fa2bc8-2060-41f1-a8ce-0ad8dc7c31e6,930
10,e1cf4dad-91e9-442f-857c-910eccf92228,931
18,12fa2bc8-2060-41f1-a8ce-0ad8dc7c31e6,932
8,a12b297c-6ca7-436c-8318-08b5a05e1eea,933
10,8eb8ab26-579c-4927-8866-9f0cfb37824a,934
4,55a493f1-a88a-4fe2-b666-b93388223926,935
4,0be1929c-a780-4078-9e98-6df4cf99c936,936
20,0eb47436-5e7e-4cba-99f5-fad4a55378c2,937
22,c3c774e8-72c0-43bf-8075-97856dc04866,938
18,d8e46018-304b-49b7-bb5b-d128007be5bd,939
10,b53f72f1-d162-4f47-a6af-c538db450833,940
7,d372a3ee-4ff5-48df-a5f2-7da725570f5e,941
6,7ceb34df-c5cd-4a6d-bbbd-ba393535b9d2,942
4,d8e46018-304b-49b7-bb5b-d128007be5bd,943
14,cd3a4bbc-f36c-4e3d-9158-9a39dcff7644,944
18,2d1f121d-f3ba-48f9-aff2-b38da7db30cf,945
9,5922b91c-31eb-443e-b15f-acbae8cf8831,946
3,6ddac491-3bfa-420a-8098-f3c741f530b6,947
21,d8e46018-304b-49b7-bb5b-d128007be5bd,948
8,d3f82f56-4d74-4c26-a4c7-d20f153383cb,949
2,d4fba2d9-c269-4d11-82f8-e94787f74bc1,950
1,cff4ee54-8789-46e5-a995-15c0dea35275,951
20,12fa2bc8-2060-41f1-a8ce-0ad8dc7c31e6,952
21,e09c188d-aea7-4cf2-9bb6-6eed739db033,953
5,7ceb34df-c5cd-4a6d-bbbd-ba393535b9d2,954
17,8913dd3b-624d-4610-837e-ca0063075e6b,955
9,df3e4352-c037-4293-aeb8-74b7aae6fb8a,956
9,0eb47436-5e7e-4cba-99f5-fad4a55378c2,957
17,fe8c95dc-f314-472c-a317-83d7bb76fbc9,958
11,fc70f172-e0d8-4202-a83b-a8d6cc75de10,959
17,2f638a13-eb24-4d61-ad54-7aaf0b822823,960
16,0be1929c-a780-4078-9e98-6df4cf99c936,961
2,ed65e55c-cdd7-4672-bfd0-37b3a5afd703,962
11,0eb47436-5e7e-4cba-99f5-fad4a55378c2,963
11,d4fba2d9-c269-4d11-82f8-e94787f74bc1,964
15,cab58cac-d2f7-4d2b-bf0b-a391c1d0cb22,965
15,0fc1c0b7-84d2-4abf-91e6-e4a36a1436be,966
11,1a544d73-a68c-4d6c-8d83-98d999716ab5,967
10,d8e46018-304b-49b7-bb5b-d128007be5bd,968
8,e4c1ffc2-23bf-4bbc-958a-758263a0dd67,969
19,d4fba2d9-c269-4d11-82f8-e94787f74bc1,970
5,57a87455-1a19-4d48-90c9-bd9040670f85,971
13,b53f72f1-d162-4f47-a6af-c538db450833,972
9,d4fba2d9-c269-4d11-82f8-e94787f74bc1,973
16,7fa4b44f-6167-4bfe-b42b-5494a85f17c0,974
20,cff4ee54-8789-46e5-a995-15c0dea35275,975
7,fe8c95dc-f314-472c-a317-83d7bb76fbc9,976
11,fe8c95dc-f314-472c-a317-83d7bb76fbc9,977
7,8913dd3b-624d-4610-837e-ca0063075e6b,978
9,aec9a7a7-c8be-461b-8047-f0c97726edf1,979
13,8eb8ab26-579c-4927-8866-9f0cfb37824a,980
18,d3f82f56-4d74-4c26-a4c7-d20f153383cb,981
21,55a493f1-a88a-4fe2-b666-b93388223926,982
6,59424c88-808c-4285-b95a-607928e016a1,983
5,8eb8ab26-579c-4927-8866-9f0cfb37824a,984
2,bf20d0e5-4b79-481a-92d6-3b159ce4d4a0,985
14,ba2adea1-5399-4c45-9c94-9f26f726f62e,986
13,8f8ceb3d-7d6a-46cb-8d24-03c5cee108c1,987
6,aec9a7a7-c8be-461b-8047-f0c97726edf1,988
12,2d1f121d-f3ba-48f9-aff2-b38da7db30cf,989
22,bf20d0e5-4b79-481a-92d6-3b159ce4d4a0,990
11,72d8246e-bd38-49b2-88c7-96f11c51f1fb,991
18,8f8ceb3d-7d6a-46cb-8d24-03c5cee108c1,992
5,8913dd3b-624d-4610-837e-ca0063075e6b,993
17,7ceb34df-c5cd-4a6d-bbbd-ba393535b9d2,994
2,7ceb34df-c5cd-4a6d-bbbd-ba393535b9d2,995
10,bf20d0e5-4b79-481a-92d6-3b159ce4d4a0,996
5,21f1397e-1a61-401a-bc67-1e74523bf8d8,997
21,57a87455-1a19-4d48-90c9-bd9040670f85,998
14,0eb47436-5e7e-4cba-99f5-fad4a55378c2,999
7,cd3a4bbc-f36c-4e3d-9158-9a39dcff7644,1000
5,295c30fe-615a-4769-bade-21c7e3e975a9,1001
10,a12b297c-6ca7-436c-8318-08b5a05e1eea,1002
10,12fa2bc8-2060-41f1-a8ce-0ad8dc7c31e6,1003
4,309c4ad8-2776-4955-b1b5-8ab5409090ad,1004
6,8913dd3b-624d-4610-837e-ca0063075e6b,1005
4,8eb8ab26-579c-4927-8866-9f0cfb37824a,1006
13,2f638a13-eb24-4d61-ad54-7aaf0b822823,1007
19,e09c188d-aea7-4cf2-9bb6-6eed739db033,1008
3,79463069-f838-4edd-9438-cdc4c95e75a2,1009
15,df3e4352-c037-4293-aeb8-74b7aae6fb8a,1010
19,bf20d0e5-4b79-481a-92d6-3b159ce4d4a0,1011
14,bf20d0e5-4b79-481a-92d6-3b159ce4d4a0,1012
8,aec9a7a7-c8be-461b-8047-f0c97726edf1,1013
14,e09c188d-aea7-4cf2-9bb6-6eed739db033,1014
2,c3c774e8-72c0-43bf-8075-97856dc04866,1015
1,8eb8ab26-579c-4927-8866-9f0cfb37824a,1016
5,c8a0eed4-ccd5-46fc-8b97-64b89728d342,1017
15,c3453dc3-772c-4d3b-b535-e058788237ed,1018
18,e4c1ffc2-23bf-4bbc-958a-758263a0dd67,1019
6,c8a0eed4-ccd5-46fc-8b97-64b89728d342,1020
21,8f8ceb3d-7d6a-46cb-8d24-03c5cee108c1,1021
13,0eb47436-5e7e-4cba-99f5-fad4a55378c2,1022
2,0fc1c0b7-84d2-4abf-91e6-e4a36a1436be,1023
4,12fa2bc8-2060-41f1-a8ce-0ad8dc7c31e6,1024
13,d4fba2d9-c269-4d11-82f8-e94787f74bc1,1025
14,6ddac491-3bfa-420a-8098-f3c741f530b6,1026
9,8913dd3b-624d-4610-837e-ca0063075e6b,1027
2,0eb47436-5e7e-4cba-99f5-fad4a55378c2,1028
1,21f1397e-1a61-401a-bc67-1e74523bf8d8,1029
8,57a87455-1a19-4d48-90c9-bd9040670f85,1030
18,1a544d73-a68c-4d6c-8d83-98d999716ab5,1031
16,0fc1c0b7-84d2-4abf-91e6-e4a36a1436be,1032
12,0eb47436-5e7e-4cba-99f5-fad4a55378c2,1033
10,0fc1c0b7-84d2-4abf-91e6-e4a36a1436be,1034
9,6ddac491-3bfa-420a-8098-f3c741f530b6,1035
17,d372a3ee-4ff5-48df-a5f2-7da725570f5e,1036
21,5922b91c-31eb-443e-b15f-acbae8cf8831,1037
17,cff4ee54-8789-46e5-a995-15c0dea35275,1038
5,ba2adea1-5399-4c45-9c94-9f26f726f62e,1039
21,cd3a4bbc-f36c-4e3d-9158-9a39dcff7644,1040
8,fe8c95dc-f314-472c-a317-83d7bb76fbc9,1041
7,7ceb34df-c5cd-4a6d-bbbd-ba393535b9d2,1042
7,bf20d0e5-4b79-481a-92d6-3b159ce4d4a0,1043
14,55a493f1-a88a-4fe2-b666-b93388223926,1044
8,12fa2bc8-2060-41f1-a8ce-0ad8dc7c31e6,1045
9,72d8246e-bd38-49b2-88c7-96f11c51f1fb,1046
17,61b6a185-51b2-47f0-bfa2-7c6615e9e145,1047
13,61b6a185-51b2-47f0-bfa2-7c6615e9e145,1048
9,295c30fe-615a-4769-bade-21c7e3e975a9,1049
18,2086fb93-7036-4127-b46f-14b11794fd56,1050
4,72d8246e-bd38-49b2-88c7-96f11c51f1fb,1051
19,d3f82f56-4d74-4c26-a4c7-d20f153383cb,1052
19,0eb47436-5e7e-4cba-99f5-fad4a55378c2,1053
6,0be1929c-a780-4078-9e98-6df4cf99c936,1054
22,cd3a4bbc-f36c-4e3d-9158-9a39dcff7644,1055
5,0eb47436-5e7e-4cba-99f5-fad4a55378c2,1056
22,8f8ceb3d-7d6a-46cb-8d24-03c5cee108c1,1057
22,12fa2bc8-2060-41f1-a8ce-0ad8dc7c31e6,1058
18,df3e4352-c037-4293-aeb8-74b7aae6fb8a,1059
22,449de61b-f2b5-406f-8445-17b960996d0a,1060
21,ba2adea1-5399-4c45-9c94-9f26f726f62e,1061
4,80dad91e-02f0-4182-ae63-9bfe710a66b9,1062
18,aec9a7a7-c8be-461b-8047-f0c97726edf1,1063
5,c0969d1b-26f7-4e83-9b27-3a4a0551f760,1064
9,8f8ceb3d-7d6a-46cb-8d24-03c5cee108c1,1065
8,0be1929c-a780-4078-9e98-6df4cf99c936,1066
22,c3453dc3-772c-4d3b-b535-e058788237ed,1067
3,e4c1ffc2-23bf-4bbc-958a-758263a0dd67,1068
17,12fa2bc8-2060-41f1-a8ce-0ad8dc7c31e6,1069
7,1a544d73-a68c-4d6c-8d83-98d999716ab5,1070
18,5922b91c-31eb-443e-b15f-acbae8cf8831,1071
3,55a493f1-a88a-4fe2-b666-b93388223926,1072
11,aec9a7a7-c8be-461b-8047-f0c97726edf1,1073
5,72d8246e-bd38-49b2-88c7-96f11c51f1fb,1074
7,c0969d1b-26f7-4e83-9b27-3a4a0551f760,1075
1,2d1f121d-f3ba-48f9-aff2-b38da7db30cf,1076
15,7fa4b44f-6167-4bfe-b42b-5494a85f17c0,1077
18,2f638a13-eb24-4d61-ad54-7aaf0b822823,1078
13,59424c88-808c-4285-b95a-607928e016a1,1079
21,0be1929c-a780-4078-9e98-6df4cf99c936,1080
3,12fa2bc8-2060-41f1-a8ce-0ad8dc7c31e6,1081
15,d8e46018-304b-49b7-bb5b-d128007be5bd,1082
2,8eb8ab26-579c-4927-8866-9f0cfb37824a,1083
13,cd3a4bbc-f36c-4e3d-9158-9a39dcff7644,1084
18,79463069-f838-4edd-9438-cdc4c95e75a2,1085
13,79463069-f838-4edd-9438-cdc4c95e75a2,1086
8,8913dd3b-624d-4610-837e-ca0063075e6b,1087
1,d8e46018-304b-49b7-bb5b-d128007be5bd,1088
11,df3e4352-c037-4293-aeb8-74b7aae6fb8a,1089
2,1a544d73-a68c-4d6c-8d83-98d999716ab5,1090
14,79463069-f838-4edd-9438-cdc4c95e75a2,1091
4,2086fb93-7036-4127-b46f-14b11794fd56,1092
16,55a493f1-a88a-4fe2-b666-b93388223926,1093
3,df3e4352-c037-4293-aeb8-74b7aae6fb8a,1094
17,d4fba2d9-c269-4d11-82f8-e94787f74bc1,1095
5,12fa2bc8-2060-41f1-a8ce-0ad8dc7c31e6,1096
4,2f638a13-eb24-4d61-ad54-7aaf0b822823,1097
1,309c4ad8-2776-4955-b1b5-8ab5409090ad,1098
1,0fc1c0b7-84d2-4abf-91e6-e4a36a1436be,1099
